--
-- PostgreSQL database dump
--

-- Dumped from database version 15.1
-- Dumped by pg_dump version 15.1

-- Started on 2023-02-28 14:43:07

SET statement_timeout = 0;
SET lock_timeout = 0;
SET idle_in_transaction_session_timeout = 0;
SET client_encoding = 'UTF8';
SET standard_conforming_strings = on;
SELECT pg_catalog.set_config('search_path', '', false);
SET check_function_bodies = false;
SET xmloption = content;
SET client_min_messages = warning;
SET row_security = off;

SET default_tablespace = '';

SET default_table_access_method = heap;

--
-- TOC entry 221 (class 1259 OID 16614)
-- Name: auth_group; Type: TABLE; Schema: public; Owner: admin
--

CREATE TABLE public.auth_group (
    id integer NOT NULL,
    name character varying(150) NOT NULL
);


ALTER TABLE public.auth_group OWNER TO admin;

--
-- TOC entry 220 (class 1259 OID 16613)
-- Name: auth_group_id_seq; Type: SEQUENCE; Schema: public; Owner: admin
--

ALTER TABLE public.auth_group ALTER COLUMN id ADD GENERATED BY DEFAULT AS IDENTITY (
    SEQUENCE NAME public.auth_group_id_seq
    START WITH 1
    INCREMENT BY 1
    NO MINVALUE
    NO MAXVALUE
    CACHE 1
);


--
-- TOC entry 223 (class 1259 OID 16622)
-- Name: auth_group_permissions; Type: TABLE; Schema: public; Owner: admin
--

CREATE TABLE public.auth_group_permissions (
    id bigint NOT NULL,
    group_id integer NOT NULL,
    permission_id integer NOT NULL
);


ALTER TABLE public.auth_group_permissions OWNER TO admin;

--
-- TOC entry 222 (class 1259 OID 16621)
-- Name: auth_group_permissions_id_seq; Type: SEQUENCE; Schema: public; Owner: admin
--

ALTER TABLE public.auth_group_permissions ALTER COLUMN id ADD GENERATED BY DEFAULT AS IDENTITY (
    SEQUENCE NAME public.auth_group_permissions_id_seq
    START WITH 1
    INCREMENT BY 1
    NO MINVALUE
    NO MAXVALUE
    CACHE 1
);


--
-- TOC entry 219 (class 1259 OID 16608)
-- Name: auth_permission; Type: TABLE; Schema: public; Owner: admin
--

CREATE TABLE public.auth_permission (
    id integer NOT NULL,
    name character varying(255) NOT NULL,
    content_type_id integer NOT NULL,
    codename character varying(100) NOT NULL
);


ALTER TABLE public.auth_permission OWNER TO admin;

--
-- TOC entry 218 (class 1259 OID 16607)
-- Name: auth_permission_id_seq; Type: SEQUENCE; Schema: public; Owner: admin
--

ALTER TABLE public.auth_permission ALTER COLUMN id ADD GENERATED BY DEFAULT AS IDENTITY (
    SEQUENCE NAME public.auth_permission_id_seq
    START WITH 1
    INCREMENT BY 1
    NO MINVALUE
    NO MAXVALUE
    CACHE 1
);


--
-- TOC entry 225 (class 1259 OID 16628)
-- Name: auth_user; Type: TABLE; Schema: public; Owner: admin
--

CREATE TABLE public.auth_user (
    id integer NOT NULL,
    password character varying(128) NOT NULL,
    last_login timestamp with time zone,
    is_superuser boolean NOT NULL,
    username character varying(150) NOT NULL,
    first_name character varying(150) NOT NULL,
    last_name character varying(150) NOT NULL,
    email character varying(254) NOT NULL,
    is_staff boolean NOT NULL,
    is_active boolean NOT NULL,
    date_joined timestamp with time zone NOT NULL
);


ALTER TABLE public.auth_user OWNER TO admin;

--
-- TOC entry 227 (class 1259 OID 16636)
-- Name: auth_user_groups; Type: TABLE; Schema: public; Owner: admin
--

CREATE TABLE public.auth_user_groups (
    id bigint NOT NULL,
    user_id integer NOT NULL,
    group_id integer NOT NULL
);


ALTER TABLE public.auth_user_groups OWNER TO admin;

--
-- TOC entry 226 (class 1259 OID 16635)
-- Name: auth_user_groups_id_seq; Type: SEQUENCE; Schema: public; Owner: admin
--

ALTER TABLE public.auth_user_groups ALTER COLUMN id ADD GENERATED BY DEFAULT AS IDENTITY (
    SEQUENCE NAME public.auth_user_groups_id_seq
    START WITH 1
    INCREMENT BY 1
    NO MINVALUE
    NO MAXVALUE
    CACHE 1
);


--
-- TOC entry 224 (class 1259 OID 16627)
-- Name: auth_user_id_seq; Type: SEQUENCE; Schema: public; Owner: admin
--

ALTER TABLE public.auth_user ALTER COLUMN id ADD GENERATED BY DEFAULT AS IDENTITY (
    SEQUENCE NAME public.auth_user_id_seq
    START WITH 1
    INCREMENT BY 1
    NO MINVALUE
    NO MAXVALUE
    CACHE 1
);


--
-- TOC entry 229 (class 1259 OID 16642)
-- Name: auth_user_user_permissions; Type: TABLE; Schema: public; Owner: admin
--

CREATE TABLE public.auth_user_user_permissions (
    id bigint NOT NULL,
    user_id integer NOT NULL,
    permission_id integer NOT NULL
);


ALTER TABLE public.auth_user_user_permissions OWNER TO admin;

--
-- TOC entry 228 (class 1259 OID 16641)
-- Name: auth_user_user_permissions_id_seq; Type: SEQUENCE; Schema: public; Owner: admin
--

ALTER TABLE public.auth_user_user_permissions ALTER COLUMN id ADD GENERATED BY DEFAULT AS IDENTITY (
    SEQUENCE NAME public.auth_user_user_permissions_id_seq
    START WITH 1
    INCREMENT BY 1
    NO MINVALUE
    NO MAXVALUE
    CACHE 1
);


--
-- TOC entry 233 (class 1259 OID 16729)
-- Name: catalog_product; Type: TABLE; Schema: public; Owner: admin
--

CREATE TABLE public.catalog_product (
    id bigint NOT NULL,
    brand character varying(50) NOT NULL,
    model character varying(100) NOT NULL,
    info text NOT NULL,
    photo character varying(100) NOT NULL,
    price character varying(20) NOT NULL,
    category character varying(50) NOT NULL
);


ALTER TABLE public.catalog_product OWNER TO admin;

--
-- TOC entry 232 (class 1259 OID 16728)
-- Name: catalog_product_id_seq; Type: SEQUENCE; Schema: public; Owner: admin
--

ALTER TABLE public.catalog_product ALTER COLUMN id ADD GENERATED BY DEFAULT AS IDENTITY (
    SEQUENCE NAME public.catalog_product_id_seq
    START WITH 1
    INCREMENT BY 1
    NO MINVALUE
    NO MAXVALUE
    CACHE 1
);


--
-- TOC entry 231 (class 1259 OID 16700)
-- Name: django_admin_log; Type: TABLE; Schema: public; Owner: admin
--

CREATE TABLE public.django_admin_log (
    id integer NOT NULL,
    action_time timestamp with time zone NOT NULL,
    object_id text,
    object_repr character varying(200) NOT NULL,
    action_flag smallint NOT NULL,
    change_message text NOT NULL,
    content_type_id integer,
    user_id integer NOT NULL,
    CONSTRAINT django_admin_log_action_flag_check CHECK ((action_flag >= 0))
);


ALTER TABLE public.django_admin_log OWNER TO admin;

--
-- TOC entry 230 (class 1259 OID 16699)
-- Name: django_admin_log_id_seq; Type: SEQUENCE; Schema: public; Owner: admin
--

ALTER TABLE public.django_admin_log ALTER COLUMN id ADD GENERATED BY DEFAULT AS IDENTITY (
    SEQUENCE NAME public.django_admin_log_id_seq
    START WITH 1
    INCREMENT BY 1
    NO MINVALUE
    NO MAXVALUE
    CACHE 1
);


--
-- TOC entry 217 (class 1259 OID 16600)
-- Name: django_content_type; Type: TABLE; Schema: public; Owner: admin
--

CREATE TABLE public.django_content_type (
    id integer NOT NULL,
    app_label character varying(100) NOT NULL,
    model character varying(100) NOT NULL
);


ALTER TABLE public.django_content_type OWNER TO admin;

--
-- TOC entry 216 (class 1259 OID 16599)
-- Name: django_content_type_id_seq; Type: SEQUENCE; Schema: public; Owner: admin
--

ALTER TABLE public.django_content_type ALTER COLUMN id ADD GENERATED BY DEFAULT AS IDENTITY (
    SEQUENCE NAME public.django_content_type_id_seq
    START WITH 1
    INCREMENT BY 1
    NO MINVALUE
    NO MAXVALUE
    CACHE 1
);


--
-- TOC entry 215 (class 1259 OID 16592)
-- Name: django_migrations; Type: TABLE; Schema: public; Owner: admin
--

CREATE TABLE public.django_migrations (
    id bigint NOT NULL,
    app character varying(255) NOT NULL,
    name character varying(255) NOT NULL,
    applied timestamp with time zone NOT NULL
);


ALTER TABLE public.django_migrations OWNER TO admin;

--
-- TOC entry 214 (class 1259 OID 16591)
-- Name: django_migrations_id_seq; Type: SEQUENCE; Schema: public; Owner: admin
--

ALTER TABLE public.django_migrations ALTER COLUMN id ADD GENERATED BY DEFAULT AS IDENTITY (
    SEQUENCE NAME public.django_migrations_id_seq
    START WITH 1
    INCREMENT BY 1
    NO MINVALUE
    NO MAXVALUE
    CACHE 1
);


--
-- TOC entry 234 (class 1259 OID 16736)
-- Name: django_session; Type: TABLE; Schema: public; Owner: admin
--

CREATE TABLE public.django_session (
    session_key character varying(40) NOT NULL,
    session_data text NOT NULL,
    expire_date timestamp with time zone NOT NULL
);


ALTER TABLE public.django_session OWNER TO admin;

--
-- TOC entry 236 (class 1259 OID 16749)
-- Name: main_profile; Type: TABLE; Schema: public; Owner: admin
--

CREATE TABLE public.main_profile (
    id bigint NOT NULL,
    photo character varying(100) NOT NULL,
    address character varying(30) NOT NULL,
    age character varying(3) NOT NULL,
    gender character varying(8) NOT NULL,
    user_id integer NOT NULL
);


ALTER TABLE public.main_profile OWNER TO admin;

--
-- TOC entry 235 (class 1259 OID 16748)
-- Name: main_profile_id_seq; Type: SEQUENCE; Schema: public; Owner: admin
--

ALTER TABLE public.main_profile ALTER COLUMN id ADD GENERATED BY DEFAULT AS IDENTITY (
    SEQUENCE NAME public.main_profile_id_seq
    START WITH 1
    INCREMENT BY 1
    NO MINVALUE
    NO MAXVALUE
    CACHE 1
);


--
-- TOC entry 3440 (class 0 OID 16614)
-- Dependencies: 221
-- Data for Name: auth_group; Type: TABLE DATA; Schema: public; Owner: admin
--



--
-- TOC entry 3442 (class 0 OID 16622)
-- Dependencies: 223
-- Data for Name: auth_group_permissions; Type: TABLE DATA; Schema: public; Owner: admin
--



--
-- TOC entry 3438 (class 0 OID 16608)
-- Dependencies: 219
-- Data for Name: auth_permission; Type: TABLE DATA; Schema: public; Owner: admin
--

INSERT INTO public.auth_permission (id, name, content_type_id, codename) VALUES (1, 'Can add product', 1, 'add_product');
INSERT INTO public.auth_permission (id, name, content_type_id, codename) VALUES (2, 'Can change product', 1, 'change_product');
INSERT INTO public.auth_permission (id, name, content_type_id, codename) VALUES (3, 'Can delete product', 1, 'delete_product');
INSERT INTO public.auth_permission (id, name, content_type_id, codename) VALUES (4, 'Can view product', 1, 'view_product');
INSERT INTO public.auth_permission (id, name, content_type_id, codename) VALUES (5, 'Can add log entry', 2, 'add_logentry');
INSERT INTO public.auth_permission (id, name, content_type_id, codename) VALUES (6, 'Can change log entry', 2, 'change_logentry');
INSERT INTO public.auth_permission (id, name, content_type_id, codename) VALUES (7, 'Can delete log entry', 2, 'delete_logentry');
INSERT INTO public.auth_permission (id, name, content_type_id, codename) VALUES (8, 'Can view log entry', 2, 'view_logentry');
INSERT INTO public.auth_permission (id, name, content_type_id, codename) VALUES (9, 'Can add permission', 3, 'add_permission');
INSERT INTO public.auth_permission (id, name, content_type_id, codename) VALUES (10, 'Can change permission', 3, 'change_permission');
INSERT INTO public.auth_permission (id, name, content_type_id, codename) VALUES (11, 'Can delete permission', 3, 'delete_permission');
INSERT INTO public.auth_permission (id, name, content_type_id, codename) VALUES (12, 'Can view permission', 3, 'view_permission');
INSERT INTO public.auth_permission (id, name, content_type_id, codename) VALUES (13, 'Can add group', 4, 'add_group');
INSERT INTO public.auth_permission (id, name, content_type_id, codename) VALUES (14, 'Can change group', 4, 'change_group');
INSERT INTO public.auth_permission (id, name, content_type_id, codename) VALUES (15, 'Can delete group', 4, 'delete_group');
INSERT INTO public.auth_permission (id, name, content_type_id, codename) VALUES (16, 'Can view group', 4, 'view_group');
INSERT INTO public.auth_permission (id, name, content_type_id, codename) VALUES (17, 'Can add user', 5, 'add_user');
INSERT INTO public.auth_permission (id, name, content_type_id, codename) VALUES (18, 'Can change user', 5, 'change_user');
INSERT INTO public.auth_permission (id, name, content_type_id, codename) VALUES (19, 'Can delete user', 5, 'delete_user');
INSERT INTO public.auth_permission (id, name, content_type_id, codename) VALUES (20, 'Can view user', 5, 'view_user');
INSERT INTO public.auth_permission (id, name, content_type_id, codename) VALUES (21, 'Can add content type', 6, 'add_contenttype');
INSERT INTO public.auth_permission (id, name, content_type_id, codename) VALUES (22, 'Can change content type', 6, 'change_contenttype');
INSERT INTO public.auth_permission (id, name, content_type_id, codename) VALUES (23, 'Can delete content type', 6, 'delete_contenttype');
INSERT INTO public.auth_permission (id, name, content_type_id, codename) VALUES (24, 'Can view content type', 6, 'view_contenttype');
INSERT INTO public.auth_permission (id, name, content_type_id, codename) VALUES (25, 'Can add session', 7, 'add_session');
INSERT INTO public.auth_permission (id, name, content_type_id, codename) VALUES (26, 'Can change session', 7, 'change_session');
INSERT INTO public.auth_permission (id, name, content_type_id, codename) VALUES (27, 'Can delete session', 7, 'delete_session');
INSERT INTO public.auth_permission (id, name, content_type_id, codename) VALUES (28, 'Can view session', 7, 'view_session');
INSERT INTO public.auth_permission (id, name, content_type_id, codename) VALUES (29, 'Can add profile', 8, 'add_profile');
INSERT INTO public.auth_permission (id, name, content_type_id, codename) VALUES (30, 'Can change profile', 8, 'change_profile');
INSERT INTO public.auth_permission (id, name, content_type_id, codename) VALUES (31, 'Can delete profile', 8, 'delete_profile');
INSERT INTO public.auth_permission (id, name, content_type_id, codename) VALUES (32, 'Can view profile', 8, 'view_profile');


--
-- TOC entry 3444 (class 0 OID 16628)
-- Dependencies: 225
-- Data for Name: auth_user; Type: TABLE DATA; Schema: public; Owner: admin
--

INSERT INTO public.auth_user (id, password, last_login, is_superuser, username, first_name, last_name, email, is_staff, is_active, date_joined) VALUES (7, 'pbkdf2_sha256$390000$S59sDghrOArhMK1m7beE7v$b6QWxxh2PWn3QbQfagT8IwIXbop1eo7m88VzBusiLrg=', '2023-02-27 17:28:15.996257+03', false, 'ivanov123', 'Иван', 'Иванов', '', false, true, '2023-02-27 17:28:15.53041+03');
INSERT INTO public.auth_user (id, password, last_login, is_superuser, username, first_name, last_name, email, is_staff, is_active, date_joined) VALUES (8, 'pbkdf2_sha256$390000$1EdatG1gNHisvXTi33ivmW$FVpSQPlmrwgenj4EqVmrTNQ8vA78URB/cYD5E7nJs6Q=', '2023-02-27 17:46:10.304308+03', false, 'Guido_van_Rossum', 'Гвидо', 'Ван Россум', 'pythonthebest@gmail.com', false, true, '2023-02-27 17:46:09.92691+03');
INSERT INTO public.auth_user (id, password, last_login, is_superuser, username, first_name, last_name, email, is_staff, is_active, date_joined) VALUES (1, 'pbkdf2_sha256$390000$vqBMxFbTbrMOQQbSn42xFi$OtWLTBrq2JMKA0XOOwgJvcMRDwDT7oCPLfZ7JsdXWLQ=', '2023-02-27 17:51:05.099925+03', true, 'admin', 'Александр', 'Титов', 'aleksandr-titov-2002@mail.ru', true, true, '2023-02-01 14:15:51+03');


--
-- TOC entry 3446 (class 0 OID 16636)
-- Dependencies: 227
-- Data for Name: auth_user_groups; Type: TABLE DATA; Schema: public; Owner: admin
--



--
-- TOC entry 3448 (class 0 OID 16642)
-- Dependencies: 229
-- Data for Name: auth_user_user_permissions; Type: TABLE DATA; Schema: public; Owner: admin
--



--
-- TOC entry 3452 (class 0 OID 16729)
-- Dependencies: 233
-- Data for Name: catalog_product; Type: TABLE DATA; Schema: public; Owner: admin
--

INSERT INTO public.catalog_product (id, brand, model, info, photo, price, category) VALUES (5, 'Launch', 'Creader 3001', 'Диагностический автосканер Launch Creader 3001 дает возможность самостоятельно продиагностировать автомобиль и найти причину поломки без обращения в сервис. Поддерживает большинство автомобилей с 1996 года выпуска по настоящее время.Пpибор очeнь прocт в рaботe, с ним рaзбepетcя дажe челoвeк, котoрый никогда не работал с диагностическим оборудованием.', 'photo/IMG_20221206_003502.jpg', '2400', 'Автосканер');
INSERT INTO public.catalog_product (id, brand, model, info, photo, price, category) VALUES (4, 'BOS-MINI', 'XY3710SBT', 'BOS-MINI XY3710SBT мощностью 50W, с Bluetooth, AUX, USB, эквалайзером, микрофоном и пультом управления.', 'photo/IMG_20230113_225104.jpg', '2000', 'Автомагнитола');
INSERT INTO public.catalog_product (id, brand, model, info, photo, price, category) VALUES (3, 'JVC', 'CS-V627', 'JVC CS-V627 - динамики высокого качества. В комплекте два динамика с сетками, крепления, провода для подключения, саморезы акустические. Радиус: 15см;  Мощностью: 360w', 'photo/IMG_20221105_154639.jpg', '1600', 'Динамики');
INSERT INTO public.catalog_product (id, brand, model, info, photo, price, category) VALUES (2, 'Pioneer', 'DV-506', 'Автомагнитола Pioneer DV-506 мощностью 50W, с Bluetooth, AUX,  USB, эквалайзером, микрофоном и пультом управления.', 'photo/V_mashine.jpg', '1400', 'Автомагнитола');
INSERT INTO public.catalog_product (id, brand, model, info, photo, price, category) VALUES (1, 'Pioneer', 'MVH-T911B', 'Автомагнитола Pioneer MVH-T911B мощностью 60W, с Bluetooth, AUX,  USB, эквалайзером,  RGB 
подсветкой, микрофоном и съемной панелью.', 'photo/IMG_20221105_180144.jpg', '2500', 'Автомагнитола');
INSERT INTO public.catalog_product (id, brand, model, info, photo, price, category) VALUES (6, 'OBD2CAT', 'D5', 'Пусковое устройство OBD2CAT D5 выручит зимой и запустит бензиновый двигатель объемом до 3,5 литров или дизельный двигатель объемом до 2,5 литров при севшем аккумуляторе.', 'photo/IMG_20002.png', '2900', 'Пускозарядное устройство');


--
-- TOC entry 3450 (class 0 OID 16700)
-- Dependencies: 231
-- Data for Name: django_admin_log; Type: TABLE DATA; Schema: public; Owner: admin
--

INSERT INTO public.django_admin_log (id, action_time, object_id, object_repr, action_flag, change_message, content_type_id, user_id) VALUES (1, '2023-02-06 12:10:31.114962+03', '1', 'Pioneer.GB', 2, '[{"changed": {"fields": ["\u0424\u043e\u0442\u043e", "\u0426\u0435\u043d\u0430"]}}]', 1, 1);
INSERT INTO public.django_admin_log (id, action_time, object_id, object_repr, action_flag, change_message, content_type_id, user_id) VALUES (2, '2023-02-06 12:11:18.136535+03', '2', 'Pioneer.ok', 2, '[{"changed": {"fields": ["\u0424\u043e\u0442\u043e", "\u0426\u0435\u043d\u0430"]}}]', 1, 1);
INSERT INTO public.django_admin_log (id, action_time, object_id, object_repr, action_flag, change_message, content_type_id, user_id) VALUES (3, '2023-02-06 12:11:48.449834+03', '3', 'JVC', 2, '[{"changed": {"fields": ["\u041c\u043e\u0434\u0435\u043b\u044c", "\u0424\u043e\u0442\u043e", "\u0426\u0435\u043d\u0430"]}}]', 1, 1);
INSERT INTO public.django_admin_log (id, action_time, object_id, object_repr, action_flag, change_message, content_type_id, user_id) VALUES (4, '2023-02-06 12:11:56.197191+03', '3', 'JVC', 2, '[{"changed": {"fields": ["\u041e\u043f\u0438\u0441\u0430\u043d\u0438\u0435"]}}]', 1, 1);
INSERT INTO public.django_admin_log (id, action_time, object_id, object_repr, action_flag, change_message, content_type_id, user_id) VALUES (5, '2023-02-06 12:14:13.948015+03', '4', 'BOS-MINI', 2, '[{"changed": {"fields": ["\u0424\u043e\u0442\u043e", "\u0426\u0435\u043d\u0430"]}}]', 1, 1);
INSERT INTO public.django_admin_log (id, action_time, object_id, object_repr, action_flag, change_message, content_type_id, user_id) VALUES (6, '2023-02-06 13:45:23.217193+03', '1', 'Pioneer.GB', 2, '[{"changed": {"fields": ["\u0424\u043e\u0442\u043e"]}}]', 1, 1);
INSERT INTO public.django_admin_log (id, action_time, object_id, object_repr, action_flag, change_message, content_type_id, user_id) VALUES (7, '2023-02-06 13:48:01.179861+03', '1', 'Pioneer.GB', 2, '[{"changed": {"fields": ["\u0424\u043e\u0442\u043e"]}}]', 1, 1);
INSERT INTO public.django_admin_log (id, action_time, object_id, object_repr, action_flag, change_message, content_type_id, user_id) VALUES (8, '2023-02-06 13:50:36.543556+03', '1', 'Pioneer.GB', 2, '[{"changed": {"fields": ["\u0424\u043e\u0442\u043e"]}}]', 1, 1);
INSERT INTO public.django_admin_log (id, action_time, object_id, object_repr, action_flag, change_message, content_type_id, user_id) VALUES (9, '2023-02-10 20:15:08.081426+03', '2', 'user1', 3, '', 5, 1);
INSERT INTO public.django_admin_log (id, action_time, object_id, object_repr, action_flag, change_message, content_type_id, user_id) VALUES (10, '2023-02-15 14:40:01.785217+03', '1', 'Pioneer.GB', 2, '[{"changed": {"fields": ["\u041e\u043f\u0438\u0441\u0430\u043d\u0438\u0435"]}}]', 1, 1);
INSERT INTO public.django_admin_log (id, action_time, object_id, object_repr, action_flag, change_message, content_type_id, user_id) VALUES (11, '2023-02-15 14:40:49.542273+03', '1', 'Pioneer.GB', 2, '[{"changed": {"fields": ["\u041e\u043f\u0438\u0441\u0430\u043d\u0438\u0435"]}}]', 1, 1);
INSERT INTO public.django_admin_log (id, action_time, object_id, object_repr, action_flag, change_message, content_type_id, user_id) VALUES (12, '2023-02-15 14:41:46.994193+03', '1', 'Pioneer.GB', 2, '[{"changed": {"fields": ["\u041e\u043f\u0438\u0441\u0430\u043d\u0438\u0435"]}}]', 1, 1);
INSERT INTO public.django_admin_log (id, action_time, object_id, object_repr, action_flag, change_message, content_type_id, user_id) VALUES (13, '2023-02-15 14:46:20.633884+03', '1', 'Pioneer.GB', 2, '[{"changed": {"fields": ["\u041e\u043f\u0438\u0441\u0430\u043d\u0438\u0435"]}}]', 1, 1);
INSERT INTO public.django_admin_log (id, action_time, object_id, object_repr, action_flag, change_message, content_type_id, user_id) VALUES (14, '2023-02-15 14:48:22.106237+03', '1', 'Pioneer.GB', 2, '[{"changed": {"fields": ["\u041e\u043f\u0438\u0441\u0430\u043d\u0438\u0435"]}}]', 1, 1);
INSERT INTO public.django_admin_log (id, action_time, object_id, object_repr, action_flag, change_message, content_type_id, user_id) VALUES (15, '2023-02-15 14:58:24.163217+03', '1', 'Pioneer', 2, '[{"changed": {"fields": ["\u0411\u0440\u0435\u043d\u0434", "\u041e\u043f\u0438\u0441\u0430\u043d\u0438\u0435"]}}]', 1, 1);
INSERT INTO public.django_admin_log (id, action_time, object_id, object_repr, action_flag, change_message, content_type_id, user_id) VALUES (16, '2023-02-15 14:59:28.077076+03', '1', 'Pioneer', 2, '[]', 1, 1);
INSERT INTO public.django_admin_log (id, action_time, object_id, object_repr, action_flag, change_message, content_type_id, user_id) VALUES (17, '2023-02-15 15:03:35.170611+03', '1', 'Pioneer', 2, '[{"changed": {"fields": ["\u041e\u043f\u0438\u0441\u0430\u043d\u0438\u0435"]}}]', 1, 1);
INSERT INTO public.django_admin_log (id, action_time, object_id, object_repr, action_flag, change_message, content_type_id, user_id) VALUES (18, '2023-02-15 15:04:32.661176+03', '2', 'Pioneer', 2, '[{"changed": {"fields": ["\u0411\u0440\u0435\u043d\u0434", "\u041e\u043f\u0438\u0441\u0430\u043d\u0438\u0435"]}}]', 1, 1);
INSERT INTO public.django_admin_log (id, action_time, object_id, object_repr, action_flag, change_message, content_type_id, user_id) VALUES (19, '2023-02-15 15:05:08.163271+03', '1', 'Pioneer', 2, '[{"changed": {"fields": ["\u041e\u043f\u0438\u0441\u0430\u043d\u0438\u0435"]}}]', 1, 1);
INSERT INTO public.django_admin_log (id, action_time, object_id, object_repr, action_flag, change_message, content_type_id, user_id) VALUES (20, '2023-02-15 15:05:16.271722+03', '2', 'Pioneer', 2, '[{"changed": {"fields": ["\u041e\u043f\u0438\u0441\u0430\u043d\u0438\u0435"]}}]', 1, 1);
INSERT INTO public.django_admin_log (id, action_time, object_id, object_repr, action_flag, change_message, content_type_id, user_id) VALUES (21, '2023-02-15 15:07:44.864164+03', '3', 'JVC', 2, '[{"changed": {"fields": ["\u041c\u043e\u0434\u0435\u043b\u044c", "\u041e\u043f\u0438\u0441\u0430\u043d\u0438\u0435"]}}]', 1, 1);
INSERT INTO public.django_admin_log (id, action_time, object_id, object_repr, action_flag, change_message, content_type_id, user_id) VALUES (22, '2023-02-15 15:08:22.994749+03', '3', 'JVC', 2, '[{"changed": {"fields": ["\u041e\u043f\u0438\u0441\u0430\u043d\u0438\u0435"]}}]', 1, 1);
INSERT INTO public.django_admin_log (id, action_time, object_id, object_repr, action_flag, change_message, content_type_id, user_id) VALUES (23, '2023-02-15 15:10:59.931397+03', '1', 'Pioneer', 2, '[]', 1, 1);
INSERT INTO public.django_admin_log (id, action_time, object_id, object_repr, action_flag, change_message, content_type_id, user_id) VALUES (24, '2023-02-15 15:14:57.71574+03', '4', 'BOS-MINI', 2, '[{"changed": {"fields": ["\u041e\u043f\u0438\u0441\u0430\u043d\u0438\u0435"]}}]', 1, 1);
INSERT INTO public.django_admin_log (id, action_time, object_id, object_repr, action_flag, change_message, content_type_id, user_id) VALUES (25, '2023-02-15 15:27:50.343949+03', '5', 'Launch', 1, '[{"added": {}}]', 1, 1);
INSERT INTO public.django_admin_log (id, action_time, object_id, object_repr, action_flag, change_message, content_type_id, user_id) VALUES (26, '2023-02-15 15:31:43.135215+03', '5', 'Launch', 2, '[{"changed": {"fields": ["\u0424\u043e\u0442\u043e"]}}]', 1, 1);
INSERT INTO public.django_admin_log (id, action_time, object_id, object_repr, action_flag, change_message, content_type_id, user_id) VALUES (27, '2023-02-15 15:41:21.610274+03', '5', 'Launch', 2, '[{"changed": {"fields": ["\u0424\u043e\u0442\u043e"]}}]', 1, 1);
INSERT INTO public.django_admin_log (id, action_time, object_id, object_repr, action_flag, change_message, content_type_id, user_id) VALUES (28, '2023-02-15 15:52:26.579993+03', '5', 'Launch', 2, '[{"changed": {"fields": ["\u041a\u0430\u0442\u0435\u0433\u043e\u0440\u0438\u044f"]}}]', 1, 1);
INSERT INTO public.django_admin_log (id, action_time, object_id, object_repr, action_flag, change_message, content_type_id, user_id) VALUES (29, '2023-02-15 15:52:35.639907+03', '4', 'BOS-MINI', 2, '[{"changed": {"fields": ["\u041a\u0430\u0442\u0435\u0433\u043e\u0440\u0438\u044f"]}}]', 1, 1);
INSERT INTO public.django_admin_log (id, action_time, object_id, object_repr, action_flag, change_message, content_type_id, user_id) VALUES (30, '2023-02-15 15:52:41.155218+03', '3', 'JVC', 2, '[{"changed": {"fields": ["\u041a\u0430\u0442\u0435\u0433\u043e\u0440\u0438\u044f"]}}]', 1, 1);
INSERT INTO public.django_admin_log (id, action_time, object_id, object_repr, action_flag, change_message, content_type_id, user_id) VALUES (31, '2023-02-15 15:52:52.517581+03', '2', 'Pioneer', 2, '[{"changed": {"fields": ["\u041a\u0430\u0442\u0435\u0433\u043e\u0440\u0438\u044f"]}}]', 1, 1);
INSERT INTO public.django_admin_log (id, action_time, object_id, object_repr, action_flag, change_message, content_type_id, user_id) VALUES (32, '2023-02-15 15:52:56.012658+03', '1', 'Pioneer', 2, '[{"changed": {"fields": ["\u041a\u0430\u0442\u0435\u0433\u043e\u0440\u0438\u044f"]}}]', 1, 1);
INSERT INTO public.django_admin_log (id, action_time, object_id, object_repr, action_flag, change_message, content_type_id, user_id) VALUES (33, '2023-02-15 15:54:27.652646+03', '6', 'OBD2CAT', 1, '[{"added": {}}]', 1, 1);
INSERT INTO public.django_admin_log (id, action_time, object_id, object_repr, action_flag, change_message, content_type_id, user_id) VALUES (34, '2023-02-27 17:07:31.785319+03', '1', 'admin', 2, '[{"changed": {"fields": ["First name", "Last name", "Email address"]}}]', 5, 1);
INSERT INTO public.django_admin_log (id, action_time, object_id, object_repr, action_flag, change_message, content_type_id, user_id) VALUES (35, '2023-02-28 12:50:44.887091+03', '3', 'user1', 3, '', 5, 1);
INSERT INTO public.django_admin_log (id, action_time, object_id, object_repr, action_flag, change_message, content_type_id, user_id) VALUES (36, '2023-02-28 12:50:44.890088+03', '4', 'user2', 3, '', 5, 1);
INSERT INTO public.django_admin_log (id, action_time, object_id, object_repr, action_flag, change_message, content_type_id, user_id) VALUES (37, '2023-02-28 12:50:44.891089+03', '5', 'user3', 3, '', 5, 1);
INSERT INTO public.django_admin_log (id, action_time, object_id, object_repr, action_flag, change_message, content_type_id, user_id) VALUES (38, '2023-02-28 12:50:44.892089+03', '6', 'user4', 3, '', 5, 1);
INSERT INTO public.django_admin_log (id, action_time, object_id, object_repr, action_flag, change_message, content_type_id, user_id) VALUES (39, '2023-02-28 13:37:34.575187+03', '1', 'Profile object (1)', 1, '[{"added": {}}]', 8, 1);


--
-- TOC entry 3436 (class 0 OID 16600)
-- Dependencies: 217
-- Data for Name: django_content_type; Type: TABLE DATA; Schema: public; Owner: admin
--

INSERT INTO public.django_content_type (id, app_label, model) VALUES (1, 'catalog', 'product');
INSERT INTO public.django_content_type (id, app_label, model) VALUES (2, 'admin', 'logentry');
INSERT INTO public.django_content_type (id, app_label, model) VALUES (3, 'auth', 'permission');
INSERT INTO public.django_content_type (id, app_label, model) VALUES (4, 'auth', 'group');
INSERT INTO public.django_content_type (id, app_label, model) VALUES (5, 'auth', 'user');
INSERT INTO public.django_content_type (id, app_label, model) VALUES (6, 'contenttypes', 'contenttype');
INSERT INTO public.django_content_type (id, app_label, model) VALUES (7, 'sessions', 'session');
INSERT INTO public.django_content_type (id, app_label, model) VALUES (8, 'main', 'profile');


--
-- TOC entry 3434 (class 0 OID 16592)
-- Dependencies: 215
-- Data for Name: django_migrations; Type: TABLE DATA; Schema: public; Owner: admin
--

INSERT INTO public.django_migrations (id, app, name, applied) VALUES (1, 'contenttypes', '0001_initial', '2023-02-01 13:19:02.526256+03');
INSERT INTO public.django_migrations (id, app, name, applied) VALUES (2, 'auth', '0001_initial', '2023-02-01 13:19:02.702262+03');
INSERT INTO public.django_migrations (id, app, name, applied) VALUES (3, 'admin', '0001_initial', '2023-02-01 13:19:02.744248+03');
INSERT INTO public.django_migrations (id, app, name, applied) VALUES (4, 'admin', '0002_logentry_remove_auto_add', '2023-02-01 13:19:02.757245+03');
INSERT INTO public.django_migrations (id, app, name, applied) VALUES (5, 'admin', '0003_logentry_add_action_flag_choices', '2023-02-01 13:19:02.76924+03');
INSERT INTO public.django_migrations (id, app, name, applied) VALUES (6, 'contenttypes', '0002_remove_content_type_name', '2023-02-01 13:19:02.787235+03');
INSERT INTO public.django_migrations (id, app, name, applied) VALUES (7, 'auth', '0002_alter_permission_name_max_length', '2023-02-01 13:19:02.795231+03');
INSERT INTO public.django_migrations (id, app, name, applied) VALUES (8, 'auth', '0003_alter_user_email_max_length', '2023-02-01 13:19:02.805229+03');
INSERT INTO public.django_migrations (id, app, name, applied) VALUES (9, 'auth', '0004_alter_user_username_opts', '2023-02-01 13:19:02.819224+03');
INSERT INTO public.django_migrations (id, app, name, applied) VALUES (10, 'auth', '0005_alter_user_last_login_null', '2023-02-01 13:19:02.828221+03');
INSERT INTO public.django_migrations (id, app, name, applied) VALUES (11, 'auth', '0006_require_contenttypes_0002', '2023-02-01 13:19:02.83122+03');
INSERT INTO public.django_migrations (id, app, name, applied) VALUES (12, 'auth', '0007_alter_validators_add_error_messages', '2023-02-01 13:19:02.839218+03');
INSERT INTO public.django_migrations (id, app, name, applied) VALUES (13, 'auth', '0008_alter_user_username_max_length', '2023-02-01 13:19:02.857212+03');
INSERT INTO public.django_migrations (id, app, name, applied) VALUES (14, 'auth', '0009_alter_user_last_name_max_length', '2023-02-01 13:19:02.866209+03');
INSERT INTO public.django_migrations (id, app, name, applied) VALUES (15, 'auth', '0010_alter_group_name_max_length', '2023-02-01 13:19:02.875206+03');
INSERT INTO public.django_migrations (id, app, name, applied) VALUES (16, 'auth', '0011_update_proxy_permissions', '2023-02-01 13:19:02.884203+03');
INSERT INTO public.django_migrations (id, app, name, applied) VALUES (17, 'auth', '0012_alter_user_first_name_max_length', '2023-02-01 13:19:02.8912+03');
INSERT INTO public.django_migrations (id, app, name, applied) VALUES (18, 'catalog', '0001_initial', '2023-02-01 13:19:02.904196+03');
INSERT INTO public.django_migrations (id, app, name, applied) VALUES (19, 'sessions', '0001_initial', '2023-02-01 13:19:02.929188+03');
INSERT INTO public.django_migrations (id, app, name, applied) VALUES (20, 'catalog', '0002_alter_product_options_product_photo_product_price', '2023-02-06 12:08:19.648839+03');
INSERT INTO public.django_migrations (id, app, name, applied) VALUES (21, 'catalog', '0003_product_category', '2023-02-15 15:51:43.955278+03');
INSERT INTO public.django_migrations (id, app, name, applied) VALUES (22, 'main', '0001_initial', '2023-02-28 12:45:12.258974+03');


--
-- TOC entry 3453 (class 0 OID 16736)
-- Dependencies: 234
-- Data for Name: django_session; Type: TABLE DATA; Schema: public; Owner: admin
--

INSERT INTO public.django_session (session_key, session_data, expire_date) VALUES ('2z3k4tc22nb470bbjjx0thl8k5ebo83y', '.eJxVjDsOwjAQRO_iGlm2N_GHkp4zWBuvFweQI8VJhbg7WEoBzRTz3sxLRNy3EveW1ziTOAstTr_dhOmRawd0x3pbZFrqts6T7Io8aJPXhfLzcrh_BwVb6WsfDGcmwymAJlDfQK8CKgtIxjJp7w2jg-SCS2wJvBpHNeAQElAW7w_xVDgK:1pWeqH:McPW2_7o_SjnFSfX_3NOVCCJQI2Vhl1DDdOHtPzslpQ', '2023-03-13 17:51:05.102921+03');


--
-- TOC entry 3455 (class 0 OID 16749)
-- Dependencies: 236
-- Data for Name: main_profile; Type: TABLE DATA; Schema: public; Owner: admin
--

INSERT INTO public.main_profile (id, photo, address, age, gender, user_id) VALUES (1, '', 'Одинцово', '', '', 1);


--
-- TOC entry 3461 (class 0 OID 0)
-- Dependencies: 220
-- Name: auth_group_id_seq; Type: SEQUENCE SET; Schema: public; Owner: admin
--

SELECT pg_catalog.setval('public.auth_group_id_seq', 1, false);


--
-- TOC entry 3462 (class 0 OID 0)
-- Dependencies: 222
-- Name: auth_group_permissions_id_seq; Type: SEQUENCE SET; Schema: public; Owner: admin
--

SELECT pg_catalog.setval('public.auth_group_permissions_id_seq', 1, false);


--
-- TOC entry 3463 (class 0 OID 0)
-- Dependencies: 218
-- Name: auth_permission_id_seq; Type: SEQUENCE SET; Schema: public; Owner: admin
--

SELECT pg_catalog.setval('public.auth_permission_id_seq', 32, true);


--
-- TOC entry 3464 (class 0 OID 0)
-- Dependencies: 226
-- Name: auth_user_groups_id_seq; Type: SEQUENCE SET; Schema: public; Owner: admin
--

SELECT pg_catalog.setval('public.auth_user_groups_id_seq', 1, false);


--
-- TOC entry 3465 (class 0 OID 0)
-- Dependencies: 224
-- Name: auth_user_id_seq; Type: SEQUENCE SET; Schema: public; Owner: admin
--

SELECT pg_catalog.setval('public.auth_user_id_seq', 8, true);


--
-- TOC entry 3466 (class 0 OID 0)
-- Dependencies: 228
-- Name: auth_user_user_permissions_id_seq; Type: SEQUENCE SET; Schema: public; Owner: admin
--

SELECT pg_catalog.setval('public.auth_user_user_permissions_id_seq', 1, false);


--
-- TOC entry 3467 (class 0 OID 0)
-- Dependencies: 232
-- Name: catalog_product_id_seq; Type: SEQUENCE SET; Schema: public; Owner: admin
--

SELECT pg_catalog.setval('public.catalog_product_id_seq', 6, true);


--
-- TOC entry 3468 (class 0 OID 0)
-- Dependencies: 230
-- Name: django_admin_log_id_seq; Type: SEQUENCE SET; Schema: public; Owner: admin
--

SELECT pg_catalog.setval('public.django_admin_log_id_seq', 39, true);


--
-- TOC entry 3469 (class 0 OID 0)
-- Dependencies: 216
-- Name: django_content_type_id_seq; Type: SEQUENCE SET; Schema: public; Owner: admin
--

SELECT pg_catalog.setval('public.django_content_type_id_seq', 8, true);


--
-- TOC entry 3470 (class 0 OID 0)
-- Dependencies: 214
-- Name: django_migrations_id_seq; Type: SEQUENCE SET; Schema: public; Owner: admin
--

SELECT pg_catalog.setval('public.django_migrations_id_seq', 22, true);


--
-- TOC entry 3471 (class 0 OID 0)
-- Dependencies: 235
-- Name: main_profile_id_seq; Type: SEQUENCE SET; Schema: public; Owner: admin
--

SELECT pg_catalog.setval('public.main_profile_id_seq', 1, true);


--
-- TOC entry 3241 (class 2606 OID 16726)
-- Name: auth_group auth_group_name_key; Type: CONSTRAINT; Schema: public; Owner: admin
--

ALTER TABLE ONLY public.auth_group
    ADD CONSTRAINT auth_group_name_key UNIQUE (name);


--
-- TOC entry 3246 (class 2606 OID 16657)
-- Name: auth_group_permissions auth_group_permissions_group_id_permission_id_0cd325b0_uniq; Type: CONSTRAINT; Schema: public; Owner: admin
--

ALTER TABLE ONLY public.auth_group_permissions
    ADD CONSTRAINT auth_group_permissions_group_id_permission_id_0cd325b0_uniq UNIQUE (group_id, permission_id);


--
-- TOC entry 3249 (class 2606 OID 16626)
-- Name: auth_group_permissions auth_group_permissions_pkey; Type: CONSTRAINT; Schema: public; Owner: admin
--

ALTER TABLE ONLY public.auth_group_permissions
    ADD CONSTRAINT auth_group_permissions_pkey PRIMARY KEY (id);


--
-- TOC entry 3243 (class 2606 OID 16618)
-- Name: auth_group auth_group_pkey; Type: CONSTRAINT; Schema: public; Owner: admin
--

ALTER TABLE ONLY public.auth_group
    ADD CONSTRAINT auth_group_pkey PRIMARY KEY (id);


--
-- TOC entry 3236 (class 2606 OID 16648)
-- Name: auth_permission auth_permission_content_type_id_codename_01ab375a_uniq; Type: CONSTRAINT; Schema: public; Owner: admin
--

ALTER TABLE ONLY public.auth_permission
    ADD CONSTRAINT auth_permission_content_type_id_codename_01ab375a_uniq UNIQUE (content_type_id, codename);


--
-- TOC entry 3238 (class 2606 OID 16612)
-- Name: auth_permission auth_permission_pkey; Type: CONSTRAINT; Schema: public; Owner: admin
--

ALTER TABLE ONLY public.auth_permission
    ADD CONSTRAINT auth_permission_pkey PRIMARY KEY (id);


--
-- TOC entry 3257 (class 2606 OID 16640)
-- Name: auth_user_groups auth_user_groups_pkey; Type: CONSTRAINT; Schema: public; Owner: admin
--

ALTER TABLE ONLY public.auth_user_groups
    ADD CONSTRAINT auth_user_groups_pkey PRIMARY KEY (id);


--
-- TOC entry 3260 (class 2606 OID 16672)
-- Name: auth_user_groups auth_user_groups_user_id_group_id_94350c0c_uniq; Type: CONSTRAINT; Schema: public; Owner: admin
--

ALTER TABLE ONLY public.auth_user_groups
    ADD CONSTRAINT auth_user_groups_user_id_group_id_94350c0c_uniq UNIQUE (user_id, group_id);


--
-- TOC entry 3251 (class 2606 OID 16632)
-- Name: auth_user auth_user_pkey; Type: CONSTRAINT; Schema: public; Owner: admin
--

ALTER TABLE ONLY public.auth_user
    ADD CONSTRAINT auth_user_pkey PRIMARY KEY (id);


--
-- TOC entry 3263 (class 2606 OID 16646)
-- Name: auth_user_user_permissions auth_user_user_permissions_pkey; Type: CONSTRAINT; Schema: public; Owner: admin
--

ALTER TABLE ONLY public.auth_user_user_permissions
    ADD CONSTRAINT auth_user_user_permissions_pkey PRIMARY KEY (id);


--
-- TOC entry 3266 (class 2606 OID 16686)
-- Name: auth_user_user_permissions auth_user_user_permissions_user_id_permission_id_14a6b632_uniq; Type: CONSTRAINT; Schema: public; Owner: admin
--

ALTER TABLE ONLY public.auth_user_user_permissions
    ADD CONSTRAINT auth_user_user_permissions_user_id_permission_id_14a6b632_uniq UNIQUE (user_id, permission_id);


--
-- TOC entry 3254 (class 2606 OID 16721)
-- Name: auth_user auth_user_username_key; Type: CONSTRAINT; Schema: public; Owner: admin
--

ALTER TABLE ONLY public.auth_user
    ADD CONSTRAINT auth_user_username_key UNIQUE (username);


--
-- TOC entry 3272 (class 2606 OID 16735)
-- Name: catalog_product catalog_product_pkey; Type: CONSTRAINT; Schema: public; Owner: admin
--

ALTER TABLE ONLY public.catalog_product
    ADD CONSTRAINT catalog_product_pkey PRIMARY KEY (id);


--
-- TOC entry 3269 (class 2606 OID 16707)
-- Name: django_admin_log django_admin_log_pkey; Type: CONSTRAINT; Schema: public; Owner: admin
--

ALTER TABLE ONLY public.django_admin_log
    ADD CONSTRAINT django_admin_log_pkey PRIMARY KEY (id);


--
-- TOC entry 3231 (class 2606 OID 16606)
-- Name: django_content_type django_content_type_app_label_model_76bd3d3b_uniq; Type: CONSTRAINT; Schema: public; Owner: admin
--

ALTER TABLE ONLY public.django_content_type
    ADD CONSTRAINT django_content_type_app_label_model_76bd3d3b_uniq UNIQUE (app_label, model);


--
-- TOC entry 3233 (class 2606 OID 16604)
-- Name: django_content_type django_content_type_pkey; Type: CONSTRAINT; Schema: public; Owner: admin
--

ALTER TABLE ONLY public.django_content_type
    ADD CONSTRAINT django_content_type_pkey PRIMARY KEY (id);


--
-- TOC entry 3229 (class 2606 OID 16598)
-- Name: django_migrations django_migrations_pkey; Type: CONSTRAINT; Schema: public; Owner: admin
--

ALTER TABLE ONLY public.django_migrations
    ADD CONSTRAINT django_migrations_pkey PRIMARY KEY (id);


--
-- TOC entry 3275 (class 2606 OID 16742)
-- Name: django_session django_session_pkey; Type: CONSTRAINT; Schema: public; Owner: admin
--

ALTER TABLE ONLY public.django_session
    ADD CONSTRAINT django_session_pkey PRIMARY KEY (session_key);


--
-- TOC entry 3278 (class 2606 OID 16753)
-- Name: main_profile main_profile_pkey; Type: CONSTRAINT; Schema: public; Owner: admin
--

ALTER TABLE ONLY public.main_profile
    ADD CONSTRAINT main_profile_pkey PRIMARY KEY (id);


--
-- TOC entry 3280 (class 2606 OID 16755)
-- Name: main_profile main_profile_user_id_key; Type: CONSTRAINT; Schema: public; Owner: admin
--

ALTER TABLE ONLY public.main_profile
    ADD CONSTRAINT main_profile_user_id_key UNIQUE (user_id);


--
-- TOC entry 3239 (class 1259 OID 16727)
-- Name: auth_group_name_a6ea08ec_like; Type: INDEX; Schema: public; Owner: admin
--

CREATE INDEX auth_group_name_a6ea08ec_like ON public.auth_group USING btree (name varchar_pattern_ops);


--
-- TOC entry 3244 (class 1259 OID 16668)
-- Name: auth_group_permissions_group_id_b120cbf9; Type: INDEX; Schema: public; Owner: admin
--

CREATE INDEX auth_group_permissions_group_id_b120cbf9 ON public.auth_group_permissions USING btree (group_id);


--
-- TOC entry 3247 (class 1259 OID 16669)
-- Name: auth_group_permissions_permission_id_84c5c92e; Type: INDEX; Schema: public; Owner: admin
--

CREATE INDEX auth_group_permissions_permission_id_84c5c92e ON public.auth_group_permissions USING btree (permission_id);


--
-- TOC entry 3234 (class 1259 OID 16654)
-- Name: auth_permission_content_type_id_2f476e4b; Type: INDEX; Schema: public; Owner: admin
--

CREATE INDEX auth_permission_content_type_id_2f476e4b ON public.auth_permission USING btree (content_type_id);


--
-- TOC entry 3255 (class 1259 OID 16684)
-- Name: auth_user_groups_group_id_97559544; Type: INDEX; Schema: public; Owner: admin
--

CREATE INDEX auth_user_groups_group_id_97559544 ON public.auth_user_groups USING btree (group_id);


--
-- TOC entry 3258 (class 1259 OID 16683)
-- Name: auth_user_groups_user_id_6a12ed8b; Type: INDEX; Schema: public; Owner: admin
--

CREATE INDEX auth_user_groups_user_id_6a12ed8b ON public.auth_user_groups USING btree (user_id);


--
-- TOC entry 3261 (class 1259 OID 16698)
-- Name: auth_user_user_permissions_permission_id_1fbb5f2c; Type: INDEX; Schema: public; Owner: admin
--

CREATE INDEX auth_user_user_permissions_permission_id_1fbb5f2c ON public.auth_user_user_permissions USING btree (permission_id);


--
-- TOC entry 3264 (class 1259 OID 16697)
-- Name: auth_user_user_permissions_user_id_a95ead1b; Type: INDEX; Schema: public; Owner: admin
--

CREATE INDEX auth_user_user_permissions_user_id_a95ead1b ON public.auth_user_user_permissions USING btree (user_id);


--
-- TOC entry 3252 (class 1259 OID 16722)
-- Name: auth_user_username_6821ab7c_like; Type: INDEX; Schema: public; Owner: admin
--

CREATE INDEX auth_user_username_6821ab7c_like ON public.auth_user USING btree (username varchar_pattern_ops);


--
-- TOC entry 3267 (class 1259 OID 16718)
-- Name: django_admin_log_content_type_id_c4bce8eb; Type: INDEX; Schema: public; Owner: admin
--

CREATE INDEX django_admin_log_content_type_id_c4bce8eb ON public.django_admin_log USING btree (content_type_id);


--
-- TOC entry 3270 (class 1259 OID 16719)
-- Name: django_admin_log_user_id_c564eba6; Type: INDEX; Schema: public; Owner: admin
--

CREATE INDEX django_admin_log_user_id_c564eba6 ON public.django_admin_log USING btree (user_id);


--
-- TOC entry 3273 (class 1259 OID 16744)
-- Name: django_session_expire_date_a5c62663; Type: INDEX; Schema: public; Owner: admin
--

CREATE INDEX django_session_expire_date_a5c62663 ON public.django_session USING btree (expire_date);


--
-- TOC entry 3276 (class 1259 OID 16743)
-- Name: django_session_session_key_c0390e0f_like; Type: INDEX; Schema: public; Owner: admin
--

CREATE INDEX django_session_session_key_c0390e0f_like ON public.django_session USING btree (session_key varchar_pattern_ops);


--
-- TOC entry 3282 (class 2606 OID 16663)
-- Name: auth_group_permissions auth_group_permissio_permission_id_84c5c92e_fk_auth_perm; Type: FK CONSTRAINT; Schema: public; Owner: admin
--

ALTER TABLE ONLY public.auth_group_permissions
    ADD CONSTRAINT auth_group_permissio_permission_id_84c5c92e_fk_auth_perm FOREIGN KEY (permission_id) REFERENCES public.auth_permission(id) DEFERRABLE INITIALLY DEFERRED;


--
-- TOC entry 3283 (class 2606 OID 16658)
-- Name: auth_group_permissions auth_group_permissions_group_id_b120cbf9_fk_auth_group_id; Type: FK CONSTRAINT; Schema: public; Owner: admin
--

ALTER TABLE ONLY public.auth_group_permissions
    ADD CONSTRAINT auth_group_permissions_group_id_b120cbf9_fk_auth_group_id FOREIGN KEY (group_id) REFERENCES public.auth_group(id) DEFERRABLE INITIALLY DEFERRED;


--
-- TOC entry 3281 (class 2606 OID 16649)
-- Name: auth_permission auth_permission_content_type_id_2f476e4b_fk_django_co; Type: FK CONSTRAINT; Schema: public; Owner: admin
--

ALTER TABLE ONLY public.auth_permission
    ADD CONSTRAINT auth_permission_content_type_id_2f476e4b_fk_django_co FOREIGN KEY (content_type_id) REFERENCES public.django_content_type(id) DEFERRABLE INITIALLY DEFERRED;


--
-- TOC entry 3284 (class 2606 OID 16678)
-- Name: auth_user_groups auth_user_groups_group_id_97559544_fk_auth_group_id; Type: FK CONSTRAINT; Schema: public; Owner: admin
--

ALTER TABLE ONLY public.auth_user_groups
    ADD CONSTRAINT auth_user_groups_group_id_97559544_fk_auth_group_id FOREIGN KEY (group_id) REFERENCES public.auth_group(id) DEFERRABLE INITIALLY DEFERRED;


--
-- TOC entry 3285 (class 2606 OID 16673)
-- Name: auth_user_groups auth_user_groups_user_id_6a12ed8b_fk_auth_user_id; Type: FK CONSTRAINT; Schema: public; Owner: admin
--

ALTER TABLE ONLY public.auth_user_groups
    ADD CONSTRAINT auth_user_groups_user_id_6a12ed8b_fk_auth_user_id FOREIGN KEY (user_id) REFERENCES public.auth_user(id) DEFERRABLE INITIALLY DEFERRED;


--
-- TOC entry 3286 (class 2606 OID 16692)
-- Name: auth_user_user_permissions auth_user_user_permi_permission_id_1fbb5f2c_fk_auth_perm; Type: FK CONSTRAINT; Schema: public; Owner: admin
--

ALTER TABLE ONLY public.auth_user_user_permissions
    ADD CONSTRAINT auth_user_user_permi_permission_id_1fbb5f2c_fk_auth_perm FOREIGN KEY (permission_id) REFERENCES public.auth_permission(id) DEFERRABLE INITIALLY DEFERRED;


--
-- TOC entry 3287 (class 2606 OID 16687)
-- Name: auth_user_user_permissions auth_user_user_permissions_user_id_a95ead1b_fk_auth_user_id; Type: FK CONSTRAINT; Schema: public; Owner: admin
--

ALTER TABLE ONLY public.auth_user_user_permissions
    ADD CONSTRAINT auth_user_user_permissions_user_id_a95ead1b_fk_auth_user_id FOREIGN KEY (user_id) REFERENCES public.auth_user(id) DEFERRABLE INITIALLY DEFERRED;


--
-- TOC entry 3288 (class 2606 OID 16708)
-- Name: django_admin_log django_admin_log_content_type_id_c4bce8eb_fk_django_co; Type: FK CONSTRAINT; Schema: public; Owner: admin
--

ALTER TABLE ONLY public.django_admin_log
    ADD CONSTRAINT django_admin_log_content_type_id_c4bce8eb_fk_django_co FOREIGN KEY (content_type_id) REFERENCES public.django_content_type(id) DEFERRABLE INITIALLY DEFERRED;


--
-- TOC entry 3289 (class 2606 OID 16713)
-- Name: django_admin_log django_admin_log_user_id_c564eba6_fk_auth_user_id; Type: FK CONSTRAINT; Schema: public; Owner: admin
--

ALTER TABLE ONLY public.django_admin_log
    ADD CONSTRAINT django_admin_log_user_id_c564eba6_fk_auth_user_id FOREIGN KEY (user_id) REFERENCES public.auth_user(id) DEFERRABLE INITIALLY DEFERRED;


--
-- TOC entry 3290 (class 2606 OID 16756)
-- Name: main_profile main_profile_user_id_b40d720a_fk_auth_user_id; Type: FK CONSTRAINT; Schema: public; Owner: admin
--

ALTER TABLE ONLY public.main_profile
    ADD CONSTRAINT main_profile_user_id_b40d720a_fk_auth_user_id FOREIGN KEY (user_id) REFERENCES public.auth_user(id) DEFERRABLE INITIALLY DEFERRED;


-- Completed on 2023-02-28 14:43:07

--
-- PostgreSQL database dump complete
--

